,0
000,3.517696472610991
10,4.433987204485146
100,4.028522096376982
11,4.433987204485146
12,4.028522096376982
120,4.433987204485146
18th,4.433987204485146
1950s,4.433987204485146
200,4.433987204485146
2008,4.433987204485146
2009,4.433987204485146
2014,4.433987204485146
2017,4.433987204485146
2017it,4.433987204485146
250,4.433987204485146
75,4.433987204485146
80,4.433987204485146
abilities,4.433987204485146
ability,3.3353749158170367
able,4.028522096376982
abnormal,4.433987204485146
about,1.8312975190407625
above,4.433987204485146
absolute,4.433987204485146
abstraction,4.433987204485146
abuse,4.433987204485146
accelerating,4.433987204485146
accept,3.740840023925201
accepted,4.028522096376982
access,4.433987204485146
accessible,3.517696472610991
accident,4.433987204485146
accidentally,4.433987204485146
accidents,4.433987204485146
acclaimed,3.517696472610991
accommodate,4.433987204485146
accomplishment,4.433987204485146
according,4.028522096376982
accurate,4.028522096376982
achieve,3.740840023925201
achieved,4.433987204485146
achievement,4.028522096376982
achievements,4.028522096376982
acknowledgments,4.433987204485146
across,4.028522096376982
act,4.028522096376982
actionable,4.433987204485146
actions,4.028522096376982
active,4.028522096376982
activities,4.433987204485146
activity,4.433987204485146
actually,2.9299098077088725
acute,4.433987204485146
adam,4.433987204485146
adapt,4.028522096376982
addiction,3.740840023925201
additional,4.433987204485146
address,4.433987204485146
addresses,3.740840023925201
adequate,4.433987204485146
adidas,4.433987204485146
adjustable,4.433987204485146
adler,4.433987204485146
administration,4.433987204485146
adolescence,4.028522096376982
adolescent,4.433987204485146
adopting,4.433987204485146
adrian,4.433987204485146
adults,4.028522096376982
advanced,4.028522096376982
advances,3.740840023925201
advantage,4.433987204485146
advantages,4.433987204485146
adventures,4.433987204485146
adversity,4.433987204485146
advertisers,4.433987204485146
advertising,4.433987204485146
advice,4.028522096376982
affect,3.3353749158170367
affects,4.028522096376982
afflictions,4.433987204485146
afraid,4.433987204485146
after,3.740840023925201
afternoon,4.433987204485146
again,4.028522096376982
against,3.517696472610991
age,3.3353749158170367
ageing,4.433987204485146
agencies,4.433987204485146
agenda,4.433987204485146
agendas,4.433987204485146
aging,4.433987204485146
ago,3.3353749158170367
agreed,4.433987204485146
agricultural,4.433987204485146
ahead,3.3353749158170367
ahrens,4.433987204485146
ai,4.028522096376982
aided,4.433987204485146
aim,4.433987204485146
air,4.433987204485146
airport,4.433987204485146
airtight,4.433987204485146
airtighthow,4.433987204485146
aisle,4.433987204485146
al,4.433987204485146
alan,4.433987204485146
alarming,4.433987204485146
albert,4.433987204485146
alexis,4.433987204485146
alfred,4.433987204485146
algorithms,3.740840023925201
align,4.433987204485146
all,1.949080554697146
alleviate,4.028522096376982
allowing,3.517696472610991
allows,4.028522096376982
almost,4.028522096376982
alogic,4.433987204485146
alone,4.433987204485146
along,3.740840023925201
alongside,4.028522096376982
already,3.740840023925201
also,2.236762627148927
alter,4.433987204485146
altered,4.433987204485146
alternating,4.433987204485146
alternative,4.433987204485146
altogether,4.433987204485146
altruism,4.433987204485146
always,3.181224235989778
amass,4.028522096376982
amazing,4.028522096376982
ambitious,4.028522096376982
america,4.028522096376982
american,3.517696472610991
americans,4.028522096376982
among,3.517696472610991
amount,3.740840023925201
amounts,3.740840023925201
amy,4.433987204485146
an,1.5717863235556777
analysis,3.3353749158170367
analyzing,4.433987204485146
anatomy,4.433987204485146
ancestors,4.028522096376982
and,1.032789822822991
anders,4.433987204485146
andy,4.433987204485146
anecdotes,4.028522096376982
anger,4.433987204485146
animal,4.433987204485146
animals,3.740840023925201
another,3.740840023925201
ans,4.433987204485146
answer,3.181224235989778
answers,3.740840023925201
antaeus,4.433987204485146
anthony,4.433987204485146
anthropology,3.3353749158170367
anthropomorphism,4.433987204485146
antibiotics,4.433987204485146
anticipate,4.433987204485146
anticipated,4.433987204485146
anxieties,4.433987204485146
anxiety,4.028522096376982
any,3.517696472610991
anybody,4.433987204485146
anyone,2.9299098077088725
anything,3.740840023925201
anytime,4.433987204485146
anywhere,4.028522096376982
applications,4.028522096376982
applied,3.517696472610991
applies,4.028522096376982
apply,4.433987204485146
applying,4.433987204485146
appraisal,4.433987204485146
appreciation,4.028522096376982
approach,4.028522096376982
approaches,4.028522096376982
architect,4.433987204485146
arctic,4.433987204485146
are,1.365934269351529
areas,4.028522096376982
aren,3.740840023925201
argue,3.740840023925201
argued,4.433987204485146
argues,3.0476928433652555
arguing,4.433987204485146
argument,4.028522096376982
arguments,4.433987204485146
arms,4.433987204485146
arnold,4.028522096376982
around,2.8245492920510458
array,4.433987204485146
arrive,4.433987204485146
art,3.0476928433652555
artificial,3.0476928433652555
artificihow,4.433987204485146
artistic,4.433987204485146
artists,4.028522096376982
arts,4.028522096376982
as,1.6306268235786114
ashford,4.433987204485146
ashley,4.433987204485146
asia,4.433987204485146
ask,4.433987204485146
asks,4.433987204485146
asocial,4.433987204485146
aspect,3.740840023925201
aspects,3.740840023925201
assault,4.433987204485146
assets,4.433987204485146
associated,4.028522096376982
assume,4.028522096376982
assumed,3.740840023925201
assumption,4.433987204485146
assumptions,4.433987204485146
astonishing,4.433987204485146
astonishingly,4.433987204485146
astrophysicist,4.433987204485146
asymmetry,4.433987204485146
at,1.991640169115942
athletes,3.740840023925201
athletic,4.433987204485146
atomic,4.433987204485146
atoms,4.433987204485146
attack,4.028522096376982
attempts,4.028522096376982
attending,4.433987204485146
attention,4.028522096376982
attewhy,4.433987204485146
attractive,4.433987204485146
attribute,4.433987204485146
attributes,4.433987204485146
augments,4.433987204485146
author,2.236762627148927
authoritarianism,4.433987204485146
authors,3.517696472610991
autobiographical,4.433987204485146
automatic,4.433987204485146
automation,4.433987204485146
automobile,4.433987204485146
autonomous,4.433987204485146
available,4.028522096376982
average,3.740840023925201
avoid,3.740840023925201
award,3.740840023925201
awareness,4.028522096376982
awash,4.433987204485146
away,4.028522096376982
back,3.740840023925201
back9,4.433987204485146
backbone,4.433987204485146
backdoor,4.433987204485146
background,3.740840023925201
backward,4.433987204485146
bad,4.433987204485146
balance,4.028522096376982
bang,4.433987204485146
bankers,4.433987204485146
bar,4.433987204485146
barabasi,4.433987204485146
barack,4.433987204485146
barbell,4.433987204485146
bare,4.433987204485146
bargh,4.433987204485146
barghdr,4.433987204485146
barker,4.433987204485146
barking,4.433987204485146
barrett,4.433987204485146
baseball,4.433987204485146
based,3.517696472610991
basic,4.433987204485146
basis,3.517696472610991
battle,4.433987204485146
be,1.6613984822453651
beat,4.433987204485146
beats,4.433987204485146
beauty,4.433987204485146
because,3.740840023925201
become,2.9299098077088725
becomes,4.433987204485146
been,2.236762627148927
before,3.3353749158170367
began,4.433987204485146
begin,4.028522096376982
beginning,3.740840023925201
begins,4.433987204485146
beginspart,4.433987204485146
behave,4.028522096376982
behaving,4.433987204485146
behavior,3.0476928433652555
behaviors,4.433987204485146
behaviour,4.433987204485146
behind,3.740840023925201
beilock,4.433987204485146
being,3.181224235989778
beings,3.181224235989778
belief,3.740840023925201
beliefs,3.517696472610991
believe,3.517696472610991
believed,4.433987204485146
belong,4.433987204485146
belongs,4.433987204485146
below,4.433987204485146
ben,4.433987204485146
beneficial,4.028522096376982
benefit,3.517696472610991
benefited,4.433987204485146
benefits,4.028522096376982
berets,4.433987204485146
best,2.4190841839428816
bestelling,4.433987204485146
bestseller,3.740840023925201
bestsellers,4.433987204485146
bestselling,2.8245492920510458
better,2.0826119473216687
between,3.0476928433652555
beware,4.433987204485146
beyond,3.517696472610991
beyou,4.433987204485146
bian,4.433987204485146
bias,4.433987204485146
biases,4.433987204485146
big,2.9299098077088725
bigger,4.433987204485146
biggest,3.517696472610991
bigotry,4.433987204485146
billion,4.433987204485146
bills,4.433987204485146
billy,4.433987204485146
binging,4.433987204485146
biochemists,4.433987204485146
biography,4.433987204485146
biological,4.028522096376982
biologist,4.433987204485146
biologists,4.433987204485146
biology,2.9299098077088725
biosocial,4.433987204485146
birth,4.028522096376982
bit,4.433987204485146
bjarke,4.433987204485146
black,3.517696472610991
blackburn,4.433987204485146
blame,4.028522096376982
blank,4.433987204485146
blast,4.433987204485146
blend,4.433987204485146
blending,4.433987204485146
blessed,4.433987204485146
blind,4.028522096376982
blink,4.433987204485146
block,4.433987204485146
blocked,4.433987204485146
blogger,4.433987204485146
blooded,4.433987204485146
bloody,4.433987204485146
blown,4.433987204485146
board,4.433987204485146
bodies,4.028522096376982
body,3.181224235989778
bold,3.517696472610991
bomb,4.433987204485146
book,1.6306268235786114
bookcase,4.433987204485146
books,3.740840023925201
booming,4.433987204485146
boost,4.433987204485146
boosters,4.433987204485146
boosts,4.433987204485146
bored,4.433987204485146
born,3.740840023925201
both,2.6422277352570913
botox,4.433987204485146
boy,4.433987204485146
bracing,4.433987204485146
brad,4.433987204485146
brag,4.433987204485146
brain,2.5621850275835545
brains,3.740840023925201
branch,4.433987204485146
branson,4.433987204485146
brave,4.028522096376982
break,4.028522096376982
breaking,4.433987204485146
breaks,4.433987204485146
breakthrough,4.433987204485146
breakthroughs,4.433987204485146
breathe,4.433987204485146
breathtaking,4.433987204485146
breeding,4.433987204485146
breedingit,4.433987204485146
brian,4.433987204485146
brilliant,3.740840023925201
brilliantly,4.433987204485146
bring,4.433987204485146
brings,3.740840023925201
britt,4.433987204485146
broad,4.028522096376982
broadly,4.433987204485146
broken,4.028522096376982
brothers,4.433987204485146
broussard,4.433987204485146
bs,4.433987204485146
buckingham,4.433987204485146
buddhism,4.433987204485146
buddhist,4.028522096376982
budgetary,4.433987204485146
budgets,4.433987204485146
build,3.517696472610991
building,3.517696472610991
buildings,4.433987204485146
built,4.028522096376982
bull,4.433987204485146
burdick,4.433987204485146
bureaucracy,4.433987204485146
burning,4.028522096376982
business,2.9299098077088725
businesses,4.028522096376982
buster,4.433987204485146
busy,4.028522096376982
but,1.5717863235556777
buy,4.433987204485146
buying,4.433987204485146
by,1.6613984822453651
calculations,4.433987204485146
called,3.740840023925201
calls,4.028522096376982
came,4.433987204485146
campaign,4.433987204485146
campus,4.433987204485146
can,1.3894647667617233
cancer,4.433987204485146
canhow,4.433987204485146
cannot,3.740840023925201
capabilities,4.028522096376982
capacity,4.433987204485146
capital,4.433987204485146
capitalism,4.433987204485146
capitalizing,4.433987204485146
captains,4.433987204485146
captivating,4.433987204485146
capture,4.433987204485146
car,4.433987204485146
carandini,4.433987204485146
carb,4.433987204485146
care,3.740840023925201
career,3.740840023925201
careers,4.433987204485146
caricature,4.433987204485146
carry,4.433987204485146
carrying,4.433987204485146
cars,4.433987204485146
case,2.9299098077088725
cases,4.028522096376982
cataract,4.433987204485146
caught,4.433987204485146
causal,4.028522096376982
causality,4.028522096376982
causation,4.028522096376982
cause,4.028522096376982
causes,4.028522096376982
celebrated,4.433987204485146
celebs,4.433987204485146
cells,4.028522096376982
cellular,4.433987204485146
censorship,4.433987204485146
center,4.028522096376982
central,3.3353749158170367
centres,4.433987204485146
centric,4.433987204485146
centuries,3.740840023925201
century,3.181224235989778
certain,3.740840023925201
challenge,4.433987204485146
challenges,3.181224235989778
chance,3.517696472610991
chanel,4.433987204485146
change,2.8245492920510458
changed,4.433987204485146
changes,3.740840023925201
changing,3.740840023925201
chanted,4.433987204485146
chaotic,4.433987204485146
chapter,4.028522096376982
chapters,4.433987204485146
characteristic,4.433987204485146
characterized,4.433987204485146
characters,4.433987204485146
charge,4.433987204485146
charismatic,4.433987204485146
charity,4.433987204485146
charles,4.028522096376982
chasing,4.433987204485146
chemicals,4.433987204485146
cheng,4.433987204485146
chicago,4.028522096376982
child,4.028522096376982
childhood,4.433987204485146
children,2.9299098077088725
china,4.433987204485146
chinese,4.433987204485146
choice,4.433987204485146
choices,3.517696472610991
choke,4.433987204485146
choose,4.028522096376982
choosing,4.028522096376982
chris,4.433987204485146
christian,4.028522096376982
christof,4.433987204485146
chromosomes,4.433987204485146
chronic,4.433987204485146
chronicling,4.433987204485146
church,4.433987204485146
circular,4.433987204485146
cisco,4.433987204485146
cited,4.433987204485146
cities,3.740840023925201
citing,4.433987204485146
citizens,4.433987204485146
civil,4.433987204485146
civilization,4.028522096376982
claim,4.433987204485146
claiming,4.433987204485146
claims,4.028522096376982
clarity,4.028522096376982
clark,4.028522096376982
class,4.028522096376982
classes,4.433987204485146
classic,4.433987204485146
classical,4.433987204485146
classics,4.433987204485146
classroom,4.433987204485146
clean,4.433987204485146
clear,4.433987204485146
clearly,3.3353749158170367
clients,4.433987204485146
cliques,4.433987204485146
clock,4.433987204485146
clocks,4.433987204485146
closer,4.433987204485146
closest,4.433987204485146
cloud,4.433987204485146
clustering,4.433987204485146
cnbc,4.433987204485146
coach,4.433987204485146
coaches,4.433987204485146
coauthored,4.433987204485146
code,3.740840023925201
coevolving,4.433987204485146
coffee,4.433987204485146
cognition,4.028522096376982
cognitive,2.729239112246721
cohesive,4.433987204485146
cohesiveness,4.433987204485146
cold,4.433987204485146
coldhearted,4.433987204485146
collaborative,4.433987204485146
collapse,3.740840023925201
collapsed,4.433987204485146
collateral,4.433987204485146
colleagues,3.740840023925201
collective,3.740840023925201
college,4.433987204485146
color,4.433987204485146
columnist,3.740840023925201
com,4.433987204485146
combat,4.433987204485146
combine,4.433987204485146
combines,4.028522096376982
combining,4.433987204485146
come,3.181224235989778
comes,3.740840023925201
comfort,4.433987204485146
comfortable,4.433987204485146
coming,4.433987204485146
commandeered,4.433987204485146
commanders,4.433987204485146
commit,4.433987204485146
commitment,4.433987204485146
common,3.740840023925201
commonly,4.433987204485146
communal,4.433987204485146
communicate,4.433987204485146
communities,4.433987204485146
community,3.740840023925201
companies,4.028522096376982
company,3.740840023925201
compassion,4.433987204485146
compelling,3.3353749158170367
compellinga,4.433987204485146
compellingly,4.433987204485146
compendium,4.433987204485146
competencies,4.028522096376982
competition,4.028522096376982
competitors,4.028522096376982
complementarity,4.433987204485146
complete,4.433987204485146
completely,4.028522096376982
complex,3.3353749158170367
complexities,4.433987204485146
complexity,4.028522096376982
complicated,4.028522096376982
comprehending,4.433987204485146
computation,4.028522096376982
computational,4.433987204485146
computations,4.433987204485146
computer,3.181224235989778
computers,3.517696472610991
computing,4.433987204485146
concentration,4.433987204485146
concept,4.433987204485146
concepts,3.517696472610991
concert,4.433987204485146
concluding,4.433987204485146
conclusions,4.433987204485146
concrete,4.433987204485146
condition,4.433987204485146
conducted,4.433987204485146
confidence,4.028522096376982
confined,4.433987204485146
confirmation,4.433987204485146
conflict,4.433987204485146
conform,4.028522096376982
confront,4.433987204485146
confronting,4.433987204485146
confusion,4.433987204485146
confusion8,4.433987204485146
connect,4.028522096376982
connected,4.433987204485146
connecting,3.740840023925201
connection,3.517696472610991
connections,4.433987204485146
connoisseurs,4.433987204485146
conscious,4.028522096376982
consciousness,3.3353749158170367
consensus,3.740840023925201
consequences,4.433987204485146
conservatives,4.433987204485146
considers,4.433987204485146
conspiracies,4.433987204485146
constant,4.433987204485146
constantly,4.028522096376982
constitution,4.433987204485146
constrained,4.433987204485146
constraints,3.740840023925201
constructed,4.433987204485146
constructs,4.433987204485146
consultant,4.433987204485146
consulting,4.433987204485146
consumable,4.433987204485146
consumer,4.433987204485146
consumerism,4.433987204485146
contains,4.433987204485146
contemplate,4.433987204485146
contemporary,3.740840023925201
contends,4.028522096376982
contents,4.433987204485146
contentspreface,4.433987204485146
contested,4.433987204485146
continually,4.028522096376982
continue,4.028522096376982
continues,4.433987204485146
contrary,4.433987204485146
contribute,3.740840023925201
contribution,4.433987204485146
contributors,4.433987204485146
contrifrom,4.433987204485146
control,3.740840023925201
controlling,4.433987204485146
controversial,4.028522096376982
conventional,4.433987204485146
conventionally,4.433987204485146
conversation,4.433987204485146
conversations,4.433987204485146
conveyed,4.433987204485146
convincing,4.433987204485146
coo,4.433987204485146
cookies,4.433987204485146
cool,4.433987204485146
cooperation,4.433987204485146
copies,4.433987204485146
cops,4.433987204485146
core,4.028522096376982
corner,4.433987204485146
corners,4.433987204485146
cornerstone,4.433987204485146
corporate,4.028522096376982
corporations,4.433987204485146
correct,4.433987204485146
corrective,4.433987204485146
correctly,4.433987204485146
corrects,4.433987204485146
correlation,4.433987204485146
corridors,4.433987204485146
cosmic,4.433987204485146
cosmology,4.433987204485146
cosmos,4.028522096376982
could,3.517696472610991
counter,4.028522096376982
countless,4.433987204485146
countries,4.433987204485146
courage,4.433987204485146
course,3.517696472610991
cova,4.433987204485146
cover,4.433987204485146
coverage,4.433987204485146
covers,4.433987204485146
covert,4.433987204485146
cowen,4.433987204485146
coworkers,4.433987204485146
crack,4.433987204485146
cracks,4.433987204485146
craft,4.433987204485146
crafted,4.433987204485146
crash,4.433987204485146
crashes,4.433987204485146
crashing,4.433987204485146
crave,4.433987204485146
create,2.8245492920510458
created,4.028522096376982
creating,4.028522096376982
creation,4.433987204485146
creative,3.740840023925201
creativity,3.517696472610991
creators,4.433987204485146
credit,4.433987204485146
cried,4.433987204485146
crime,3.740840023925201
criminal,4.028522096376982
criminals,4.433987204485146
crisis,3.740840023925201
critical,4.028522096376982
critically,4.433987204485146
crooks,4.433987204485146
crucial,4.028522096376982
crumbling,4.433987204485146
crunching,4.433987204485146
ct,4.433987204485146
cuddy,4.433987204485146
culprit,4.433987204485146
cultivates,4.433987204485146
cultivation,4.433987204485146
cults,4.433987204485146
culture,2.8245492920510458
cultures,4.028522096376982
cumulatively,4.433987204485146
cured,4.433987204485146
cures,4.433987204485146
curiosity,4.433987204485146
curious,4.433987204485146
currency,4.433987204485146
currents,4.433987204485146
curriculum,4.433987204485146
custom,4.433987204485146
customers,4.433987204485146
customizing,4.433987204485146
cut,4.028522096376982
cutting,2.9299098077088725
cyborg,4.433987204485146
cycle,4.433987204485146
da,4.433987204485146
daily,3.740840023925201
damage,4.433987204485146
damaged,4.433987204485146
dangerous,4.433987204485146
daniel,4.433987204485146
darker,4.433987204485146
darwin,4.433987204485146
darwinian,4.433987204485146
data,3.181224235989778
date,4.433987204485146
dates,4.433987204485146
daughter,4.433987204485146
dave,4.433987204485146
david,3.740840023925201
davidowitz,4.433987204485146
day,2.8245492920510458
days,4.433987204485146
dazzlingly,4.433987204485146
de,4.433987204485146
dead,4.433987204485146
deal,4.028522096376982
dealings,4.433987204485146
deals,4.433987204485146
death,3.740840023925201
debate,4.433987204485146
debates,3.740840023925201
debunk,4.433987204485146
decade,4.028522096376982
decades,3.0476928433652555
deception,4.028522096376982
decision,4.028522096376982
decisions,3.181224235989778
decline,4.433987204485146
decluttering,4.433987204485146
deconstructs,4.433987204485146
decrease,4.433987204485146
decreased,4.433987204485146
deep,3.517696472610991
deeper,3.517696472610991
deepest,4.028522096376982
deeply,3.517696472610991
defend,4.028522096376982
defense,4.433987204485146
deficiencies,4.433987204485146
define,4.433987204485146
defined,4.433987204485146
defines,4.433987204485146
defining,4.028522096376982
definition,4.433987204485146
degrasse,4.433987204485146
degrees,4.433987204485146
deleterious,4.433987204485146
delude,4.433987204485146
deluge,4.433987204485146
delusion,4.433987204485146
demanding,4.433987204485146
democracies,4.433987204485146
democracy,4.028522096376982
democratic,4.028522096376982
demonstrate,4.433987204485146
demonstrates,3.517696472610991
demystify,4.433987204485146
denial,4.433987204485146
denying,4.433987204485146
depend,4.433987204485146
deploys,4.433987204485146
depression,3.740840023925201
depth,4.433987204485146
describe,3.740840023925201
described,3.740840023925201
describes,4.433987204485146
descriptions,4.433987204485146
design,4.433987204485146
designed,3.517696472610991
designefrom,4.433987204485146
designing,4.433987204485146
desire,4.433987204485146
desires,4.433987204485146
despite,3.517696472610991
destined,4.433987204485146
destinies,4.028522096376982
destiny,4.028522096376982
destructive,4.433987204485146
details,4.433987204485146
detect,4.433987204485146
determine,3.740840023925201
determined,4.433987204485146
determines,4.433987204485146
deus,4.433987204485146
devastating,3.740840023925201
develop,3.517696472610991
developed,3.740840023925201
developer,4.433987204485146
developing,4.028522096376982
development,4.433987204485146
device,4.433987204485146
devices,4.433987204485146
devotion,4.433987204485146
dialogue,4.433987204485146
did,3.181224235989778
didn,3.740840023925201
die,4.028522096376982
diet,4.433987204485146
diets,4.433987204485146
differ,4.433987204485146
difference,4.433987204485146
differences,3.740840023925201
different,3.181224235989778
differently,4.433987204485146
differing,4.028522096376982
difficult,4.028522096376982
difficulty,4.433987204485146
digital,3.740840023925201
digitally,4.433987204485146
dilemmas,4.433987204485146
dimensional,4.433987204485146
dimensions,4.433987204485146
direction,4.433987204485146
directly,4.433987204485146
disaster,4.028522096376982
disasters,4.433987204485146
discomfort,4.433987204485146
disconnect,4.433987204485146
discourage,4.433987204485146
discover,3.517696472610991
discovered,3.3353749158170367
discovering,4.028522096376982
discovers,4.433987204485146
discovery,4.028522096376982
disease,4.028522096376982
diseases,4.433987204485146
disliked,4.433987204485146
dislodge,4.433987204485146
disorganized,4.433987204485146
displacement,4.433987204485146
display,4.433987204485146
disposable,4.433987204485146
dissect,4.433987204485146
dissects,4.433987204485146
distance,4.433987204485146
distant,4.433987204485146
distilled,4.433987204485146
distinct,4.433987204485146
distortions,4.433987204485146
disturbing,4.433987204485146
diverse,4.433987204485146
diversity,4.028522096376982
divides,4.433987204485146
dna,4.028522096376982
do,1.6306268235786114
doctors,4.433987204485146
documents,4.433987204485146
does,2.8245492920510458
doesn,3.517696472610991
dogma,4.433987204485146
doing,3.740840023925201
dollar,4.028522096376982
dollars,4.028522096376982
domains,4.433987204485146
dominance,4.028522096376982
dominated,4.028522096376982
don,2.9299098077088725
donald,4.433987204485146
done,4.433987204485146
donoghue,4.433987204485146
doomed,4.433987204485146
door,4.433987204485146
doubly,4.433987204485146
down,3.0476928433652555
downloads,4.433987204485146
downright,4.433987204485146
downsides,4.433987204485146
dozens,4.433987204485146
dr,3.517696472610991
dramatically,4.028522096376982
draw,4.028522096376982
drawing,2.8245492920510458
drawn,4.433987204485146
draws,3.740840023925201
dream,4.433987204485146
dreamed,4.433987204485146
dreams,4.028522096376982
drill,4.433987204485146
drive,3.517696472610991
driven,4.028522096376982
driverless,4.433987204485146
driving,3.740840023925201
drowning,4.433987204485146
drug,4.433987204485146
drugs,4.433987204485146
due,4.433987204485146
during,4.433987204485146
duty,4.433987204485146
dynamic,4.433987204485146
dynamics,4.433987204485146
dysfunction,4.433987204485146
dysfunctional,4.433987204485146
each,2.5621850275835545
eager,4.433987204485146
early,3.517696472610991
earn,4.433987204485146
earnest,4.433987204485146
earth,3.3353749158170367
easily,4.433987204485146
easy,4.028522096376982
eat,4.028522096376982
eating,4.433987204485146
eats,4.433987204485146
ebay,4.433987204485146
eccentric,4.433987204485146
economic,3.740840023925201
economics,3.0476928433652555
economies,4.433987204485146
economist,4.028522096376982
economy,3.3353749158170367
ecosystems,4.433987204485146
edge,2.9299098077088725
edges,4.433987204485146
edition,4.433987204485146
editor,4.433987204485146
educated,4.433987204485146
education,3.517696472610991
educations,4.433987204485146
edvard,4.433987204485146
edward,4.028522096376982
effect,3.740840023925201
effective,4.433987204485146
effectively,4.433987204485146
effects,3.740840023925201
efficacy,4.433987204485146
effort,4.028522096376982
efforts,4.433987204485146
eight,4.433987204485146
eighty,4.433987204485146
einstein,4.433987204485146
either,4.433987204485146
el,4.433987204485146
election,4.433987204485146
electronic,4.433987204485146
element,4.433987204485146
elephant,4.433987204485146
elephants,4.433987204485146
eliasmith,4.433987204485146
eliezer,4.433987204485146
eliezerwhen,4.433987204485146
elissa,4.433987204485146
elizabeth,4.433987204485146
elon,4.433987204485146
eloquence,4.433987204485146
else,4.028522096376982
elusive,4.433987204485146
embedded,4.433987204485146
embodied,4.433987204485146
embrace,3.740840023925201
emerge,4.433987204485146
emergent,4.433987204485146
emerges,3.740840023925201
emerging,3.740840023925201
emotion,4.028522096376982
emotional,3.517696472610991
emotionally,4.028522096376982
emotions,3.517696472610991
empathy,4.433987204485146
employees,4.028522096376982
employers,4.028522096376982
empowering,4.433987204485146
empowers,4.433987204485146
emptiness,4.433987204485146
enable,3.740840023925201
enabled,4.028522096376982
enables,4.433987204485146
encourages,4.433987204485146
encumbered,4.433987204485146
end,3.3353749158170367
endeavors,4.433987204485146
endeavours,4.433987204485146
ending,4.433987204485146
endless,4.433987204485146
ends,4.433987204485146
enduring,4.028522096376982
enforcement,4.433987204485146
engage,3.517696472610991
engaged,4.433987204485146
engagement,4.433987204485146
engaging,4.028522096376982
engineering,3.740840023925201
engineers,4.433987204485146
england,4.433987204485146
english,4.028522096376982
enhance,4.028522096376982
enhanced,4.433987204485146
enhancers,4.433987204485146
enlightening,4.433987204485146
enlightenment,4.433987204485146
enormous,3.517696472610991
enough,4.028522096376982
enslaved,4.433987204485146
ensure,4.433987204485146
enterprise,4.433987204485146
entertaining,4.433987204485146
enthusiasm,3.740840023925201
entire,4.433987204485146
entirely,4.028522096376982
entrepreneurs,4.028522096376982
environment,3.740840023925201
environments,4.433987204485146
enzyme,4.433987204485146
epel,4.433987204485146
epic,4.433987204485146
epley,4.433987204485146
equally,4.433987204485146
equate,4.433987204485146
equations,4.433987204485146
equilibria,4.433987204485146
era,4.028522096376982
eric,4.028522096376982
error,4.028522096376982
errors,4.433987204485146
escape,4.433987204485146
especially,4.028522096376982
essays,4.433987204485146
essence,4.028522096376982
essential,3.181224235989778
established,4.433987204485146
establishing,4.433987204485146
eswar,4.433987204485146
etc,4.433987204485146
eternal,4.433987204485146
ethic,4.028522096376982
ethical,3.740840023925201
ethics,4.028522096376982
eugenia,4.433987204485146
european,4.433987204485146
eva,4.433987204485146
even,2.236762627148927
events,4.028522096376982
eventually,3.740840023925201
ever,3.181224235989778
every,2.8245492920510458
everybody,4.433987204485146
everyday,3.0476928433652555
everyone,2.9299098077088725
everything,2.4190841839428816
everythnational,4.433987204485146
everywhere,4.028522096376982
everywhy,4.433987204485146
evidence,3.3353749158170367
evolution,3.3353749158170367
evolutionary,3.3353749158170367
evolve,4.433987204485146
evolved,4.028522096376982
evolving,3.740840023925201
exact,4.433987204485146
exactly,3.740840023925201
examination,3.517696472610991
examines,3.517696472610991
examining,4.433987204485146
example,3.517696472610991
examples,3.3353749158170367
exceeds,4.433987204485146
excel,4.433987204485146
exciting,3.740840023925201
excitingly,4.433987204485146
executive,4.433987204485146
executives,4.028522096376982
exercise,4.028522096376982
exhaust,4.433987204485146
exist,4.433987204485146
existence,4.028522096376982
existing,4.433987204485146
exists,4.028522096376982
expand,4.433987204485146
expanded,4.433987204485146
expanding,4.433987204485146
expect,4.433987204485146
expectations,4.433987204485146
expensive,3.740840023925201
experience,2.9299098077088725
experiences,4.028522096376982
experiment,4.433987204485146
experimenter,4.433987204485146
experiments,4.433987204485146
expert,4.028522096376982
expertise,4.433987204485146
experts,3.517696472610991
explain,3.3353749158170367
explained,4.433987204485146
explaining,4.028522096376982
explains,2.8245492920510458
explanations,4.433987204485146
exploit,4.433987204485146
exploitation,4.433987204485146
exploration,3.517696472610991
explore,3.0476928433652555
explored,4.433987204485146
explores,2.729239112246721
exploring,4.433987204485146
explosion,4.433987204485146
exposes,4.433987204485146
expressed,4.433987204485146
expression,4.433987204485146
extent,4.028522096376982
external,4.433987204485146
extraordinary,3.517696472610991
extreme,4.433987204485146
extremely,4.433987204485146
eye,4.433987204485146
eyes,4.433987204485146
fabulous,4.433987204485146
face,3.740840023925201
facebook,4.028522096376982
faced,4.433987204485146
fact,3.3353749158170367
factors,3.740840023925201
fading,4.433987204485146
fail,3.740840023925201
fails,4.433987204485146
fair,4.433987204485146
fairer,4.433987204485146
fairness,4.433987204485146
faith,4.028522096376982
faiths,4.433987204485146
fake,4.433987204485146
fall,4.433987204485146
falls,4.433987204485146
false,4.028522096376982
falter,4.433987204485146
familiar,4.433987204485146
families,4.433987204485146
family,3.517696472610991
famine,4.433987204485146
famously,4.433987204485146
far,3.740840023925201
fare,4.433987204485146
fascinating,2.729239112246721
fashion,4.433987204485146
fast,4.028522096376982
father,4.028522096376982
fault,4.433987204485146
faulty,4.433987204485146
favor,4.028522096376982
favorites,4.433987204485146
fear,3.517696472610991
fears,4.028522096376982
featured,4.433987204485146
federal,4.433987204485146
feedback,4.433987204485146
feel,2.8245492920510458
feeling,4.028522096376982
feldman,4.433987204485146
fellow,4.433987204485146
felt,4.433987204485146
fernbach,4.433987204485146
fernyhough,4.433987204485146
ferriss,4.433987204485146
festival,4.433987204485146
few,3.3353749158170367
field,3.3353749158170367
fields,4.028522096376982
fierce,4.433987204485146
fifth,4.433987204485146
fifty,4.433987204485146
fight,4.433987204485146
figured,4.433987204485146
fill,4.433987204485146
filled,4.433987204485146
filling,4.433987204485146
fills,4.433987204485146
films,4.433987204485146
finally,4.433987204485146
finance,3.740840023925201
financial,3.181224235989778
financthe,4.433987204485146
find,2.9299098077088725
finding,3.517696472610991
findings,3.740840023925201
finds,4.028522096376982
finish,4.433987204485146
fire,4.028522096376982
firemen,4.433987204485146
firm,4.433987204485146
first,2.5621850275835545
fiscal,4.433987204485146
fisher,4.433987204485146
fit,3.740840023925201
fits,4.433987204485146
five,3.740840023925201
fix,4.028522096376982
fixation,4.433987204485146
fixed,4.028522096376982
fixing,4.433987204485146
flawed,4.433987204485146
flaws,4.433987204485146
fleeting,4.433987204485146
flies,4.433987204485146
floodlights,4.433987204485146
floor,4.433987204485146
flourish,4.433987204485146
flourishing,4.433987204485146
flows,4.433987204485146
fluctuations,4.433987204485146
fly,4.433987204485146
flying,4.028522096376982
focus,3.517696472610991
focused,4.433987204485146
focuses,4.028522096376982
focusing,4.433987204485146
follows,4.433987204485146
food,4.433987204485146
foods,4.028522096376982
fools,4.433987204485146
for,1.2151113796169455
foraging,4.433987204485146
force,3.740840023925201
forces,3.3353749158170367
forcing,4.028522096376982
ford,4.433987204485146
foreign,4.433987204485146
foremost,4.028522096376982
foreseeable,4.433987204485146
forever,4.433987204485146
foreword,4.433987204485146
forget,4.433987204485146
forgiveness,4.433987204485146
form,3.740840023925201
former,4.433987204485146
forms,4.433987204485146
formula,4.433987204485146
forthe,4.433987204485146
fortunate,4.433987204485146
fortunes,4.433987204485146
forty,4.433987204485146
forward,4.028522096376982
found,3.3353749158170367
foundation,4.028522096376982
foundations,4.028522096376982
four,4.433987204485146
foxx,4.433987204485146
fragile,4.028522096376982
framework,4.433987204485146
frank,4.433987204485146
franklin,4.433987204485146
freak,4.433987204485146
free,3.3353749158170367
freedom,4.433987204485146
freely,4.433987204485146
frees,4.433987204485146
freethinking,4.433987204485146
freezes,4.433987204485146
frequently,4.433987204485146
fresh,4.433987204485146
freud,4.433987204485146
friend,4.433987204485146
friends,4.433987204485146
from,1.4635727389154451
frontal,4.433987204485146
frontiers,4.433987204485146
fruits,4.433987204485146
frustration,4.028522096376982
fueling,4.433987204485146
fulfilling,4.433987204485146
full,3.3353749158170367
fully,3.740840023925201
functioning,4.028522096376982
functions,4.028522096376982
fund,4.433987204485146
fundamental,3.740840023925201
fundamentally,4.028522096376982
funny,4.028522096376982
further,4.028522096376982
futile,4.433987204485146
future,2.8245492920510458
futuristic,4.433987204485146
gain,4.433987204485146
gaining,4.028522096376982
galaxies,4.433987204485146
galaxy,4.433987204485146
game,4.028522096376982
gang,4.433987204485146
gap,4.433987204485146
gardens,4.433987204485146
gather,4.433987204485146
gathering,4.433987204485146
gender,4.028522096376982
genealogy,4.433987204485146
general,4.433987204485146
genes,4.028522096376982
genetic,3.740840023925201
genghis,4.433987204485146
genius,4.433987204485146
genome,4.028522096376982
geoffrey,4.433987204485146
george,3.740840023925201
gesturing,4.433987204485146
get,2.8245492920510458
gets,4.028522096376982
getting,3.740840023925201
giant,4.433987204485146
giants,4.433987204485146
giathe,4.433987204485146
gift,4.433987204485146
gifted,4.433987204485146
gigabytes,4.433987204485146
gillette,4.433987204485146
girls,4.433987204485146
give,3.0476928433652555
given,4.028522096376982
giving,3.517696472610991
gladwell,4.433987204485146
global,3.517696472610991
gmuch,4.433987204485146
go,3.0476928433652555
goal,4.028522096376982
goals,3.740840023925201
god,4.433987204485146
gods,4.028522096376982
goes,3.740840023925201
going,4.028522096376982
goldberg,3.740840023925201
good,3.181224235989778
goodall,4.433987204485146
googleplex,4.433987204485146
gorman,4.433987204485146
got,4.433987204485146
gottman,4.433987204485146
govern,4.028522096376982
government,3.3353749158170367
governments,4.433987204485146
grace,4.433987204485146
grad,4.433987204485146
gramophone,4.433987204485146
grant,4.433987204485146
grappling,4.433987204485146
gratifying,4.433987204485146
gratitude,4.433987204485146
grave,4.433987204485146
great,3.0476928433652555
greater,4.028522096376982
greatest,4.028522096376982
greed,4.433987204485146
green,4.028522096376982
grief,4.433987204485146
griffiths,4.433987204485146
grit,4.028522096376982
ground,4.028522096376982
groundbreaking,3.740840023925201
groundwork,4.433987204485146
group,4.028522096376982
groups,3.517696472610991
groupthink,4.433987204485146
grow,3.517696472610991
growing,4.433987204485146
guess,4.433987204485146
guessing,4.433987204485146
guesswork,4.433987204485146
guests,4.433987204485146
guide,3.740840023925201
guidebook,4.028522096376982
guides,4.433987204485146
guilt,4.433987204485146
guns,4.433987204485146
guru,4.433987204485146
gut,4.433987204485146
gutenberg,4.433987204485146
guys,4.433987204485146
gym,4.433987204485146
gymnastics,4.433987204485146
gymnasticthe,4.433987204485146
habit,4.433987204485146
habits,4.028522096376982
hack,4.433987204485146
hacked,4.433987204485146
had,3.517696472610991
halftime,4.433987204485146
hammurabi,4.433987204485146
hand,4.433987204485146
handle,4.433987204485146
happened,4.433987204485146
happier,3.740840023925201
happiness,3.740840023925201
happy,4.028522096376982
harari,4.028522096376982
hard,3.181224235989778
hardcover,4.433987204485146
harder,4.433987204485146
hardships,4.433987204485146
hardwired,4.028522096376982
hardworking,4.433987204485146
harford,4.433987204485146
harmful,4.433987204485146
harness,4.433987204485146
harnessing,4.028522096376982
harvard,4.433987204485146
has,2.0360919316867756
haunt,4.433987204485146
have,1.60077386042893
haven,4.028522096376982
having,4.433987204485146
hawrylycz,4.433987204485146
hazards,4.433987204485146
he,2.4190841839428816
head,4.433987204485146
headquarters,4.433987204485146
heads,4.028522096376982
heal,4.433987204485146
healing,4.433987204485146
health,3.181224235989778
healthcare,4.028522096376982
healthy,4.028522096376982
hear,4.433987204485146
heard,4.028522096376982
heart,3.3353749158170367
height,4.433987204485146
heightened,4.028522096376982
held,4.028522096376982
help,2.729239112246721
helped,3.740840023925201
helpful,4.433987204485146
helping,4.028522096376982
helps,4.028522096376982
henry,4.433987204485146
hens,4.433987204485146
her,3.3353749158170367
here,4.028522096376982
heritage,4.028522096376982
heroes,4.433987204485146
hidden,3.740840023925201
hiding,4.433987204485146
hierarchy,4.433987204485146
higan,4.433987204485146
high,3.3353749158170367
higher,4.433987204485146
highlights,4.433987204485146
highly,3.517696472610991
hijacked,4.433987204485146
hill,4.433987204485146
hiring,4.433987204485146
his,2.488077055429833
historic,4.433987204485146
histories,4.433987204485146
history,2.729239112246721
hit,4.433987204485146
hold,3.740840023925201
holds,4.028522096376982
home,3.740840023925201
homo,4.028522096376982
homogeneity,4.433987204485146
honed,4.433987204485146
honestly,4.433987204485146
honesty,4.433987204485146
hope,4.433987204485146
hopes,4.433987204485146
hospital,4.433987204485146
host,4.028522096376982
hour,4.028522096376982
hours,4.433987204485146
house,4.433987204485146
housed,4.433987204485146
how,1.235314086934465
howa,4.433987204485146
however,4.028522096376982
huge,4.433987204485146
hugely,4.433987204485146
human,1.8312975190407625
humanist,4.433987204485146
humanists,4.433987204485146
humanities,4.433987204485146
humanity,3.517696472610991
humankind,4.028522096376982
humans,2.8245492920510458
hunches,4.433987204485146
hundred,4.433987204485146
hunger,4.433987204485146
hunt,4.028522096376982
hurts,4.028522096376982
husband,4.433987204485146
hypotheses,4.433987204485146
hypothesis,4.433987204485146
hypothesized,4.433987204485146
iconoclasm,4.433987204485146
iconoclastic,4.433987204485146
icons,4.433987204485146
idea,3.517696472610991
ideal,4.433987204485146
ideals,4.433987204485146
ideas,3.3353749158170367
identified,4.433987204485146
identify,3.740840023925201
identity,4.028522096376982
ideological,4.433987204485146
idiot,4.433987204485146
if,2.488077055429833
ifrom,4.433987204485146
ignorance,4.433987204485146
ignorant,4.433987204485146
ignore,4.028522096376982
ii,4.433987204485146
iii,4.433987204485146
ikea,4.433987204485146
illness,3.3353749158170367
illnesses,4.433987204485146
illogic,4.433987204485146
illogical,4.433987204485146
illuminate,4.433987204485146
illuminates,3.517696472610991
illuminating,3.740840023925201
illusion,4.433987204485146
illustrate,4.433987204485146
illustrates,4.433987204485146
illustrating,4.433987204485146
illustrations,4.433987204485146
imagination,3.740840023925201
imagine,4.433987204485146
immediately,4.028522096376982
immense,4.433987204485146
immortality,4.433987204485146
impact,4.028522096376982
impairments,4.433987204485146
imperils,4.433987204485146
implausible,4.433987204485146
implements,4.433987204485146
implications,3.517696472610991
importance,3.3353749158170367
important,3.0476928433652555
importantly,4.433987204485146
imposing,4.433987204485146
impossible,4.433987204485146
impossibly,4.433987204485146
improve,3.740840023925201
improved,4.433987204485146
improving,4.433987204485146
impulses,4.433987204485146
in,1.0666913744986721
in7,4.433987204485146
inadequate,4.433987204485146
inbox,4.433987204485146
incentive,4.433987204485146
incentives,4.433987204485146
incisive,4.433987204485146
include,4.433987204485146
included,4.433987204485146
includes,4.433987204485146
including,3.0476928433652555
income,4.028522096376982
incoming,4.433987204485146
incomplete,4.433987204485146
incomprehensible,4.433987204485146
incorporating,4.433987204485146
increase,3.740840023925201
increased,4.433987204485146
increasing,4.028522096376982
increasingly,4.028522096376982
incredibly,4.433987204485146
indeed,4.028522096376982
index,4.433987204485146
indicates,4.433987204485146
indicator,4.433987204485146
indispensable,4.433987204485146
individual,3.517696472610991
individuality,4.433987204485146
individualized,4.433987204485146
individually,4.433987204485146
individuals,3.181224235989778
industry,4.433987204485146
inefficiencies,4.433987204485146
inequality,3.740840023925201
inevitable,4.433987204485146
inevitably,4.433987204485146
infect,4.433987204485146
infectious,4.028522096376982
inflated,4.433987204485146
inflation,4.028522096376982
inflation6,4.433987204485146
influence,2.9299098077088725
influenced,4.433987204485146
influences,4.433987204485146
information,3.0476928433652555
informed,4.433987204485146
infrastructure,4.433987204485146
ingels,4.433987204485146
ingredient,4.433987204485146
inhabited,4.433987204485146
initial,4.433987204485146
initiate,4.433987204485146
initiative,4.433987204485146
initiatives,4.433987204485146
injury,4.433987204485146
innate,4.028522096376982
inner,4.028522096376982
innocent,4.433987204485146
innovate,4.028522096376982
innovation,3.740840023925201
innovative,4.433987204485146
innovators,4.433987204485146
insert,4.433987204485146
inside,3.740840023925201
insider,4.433987204485146
insight,3.740840023925201
insightful,4.028522096376982
insights,2.8245492920510458
insignificant,4.433987204485146
insist,4.433987204485146
inspiration,4.433987204485146
inspiring,3.740840023925201
instability,4.433987204485146
instant,4.433987204485146
instantly,4.433987204485146
instead,3.517696472610991
instigated,4.433987204485146
instinct,4.433987204485146
institute,4.433987204485146
institutions,3.3353749158170367
instructive,4.433987204485146
integral,4.433987204485146
integrate,4.433987204485146
intellectual,3.517696472610991
intelligence,2.729239112246721
intelligent,4.433987204485146
intellihumans,4.433987204485146
intense,4.433987204485146
interact,4.028522096376982
interactions,4.433987204485146
interconnections,4.433987204485146
interdisciplinary,4.028522096376982
interest,4.433987204485146
interested,4.028522096376982
intergalactic,4.433987204485146
internal,4.433987204485146
international,4.028522096376982
internet,4.028522096376982
interpretations,4.433987204485146
interpreting,4.433987204485146
intersection,4.433987204485146
interventions,4.433987204485146
interview,4.433987204485146
interviewed,4.433987204485146
interviewer,4.433987204485146
interviews,4.028522096376982
intimate,3.740840023925201
intimately,4.433987204485146
into,2.0360919316867756
intrigue,4.433987204485146
intriguing,4.028522096376982
introduces,3.740840023925201
introduction,4.028522096376982
introspective,4.433987204485146
intuition,4.028522096376982
invention,4.028522096376982
inventions,4.433987204485146
inventive,4.433987204485146
investigate,4.028522096376982
investigated,4.433987204485146
investigatewith,4.433987204485146
investigating,4.028522096376982
investigation,4.433987204485146
investigations,4.433987204485146
investing,4.433987204485146
investments,4.433987204485146
investor,4.433987204485146
iqs,4.433987204485146
iraq,4.433987204485146
irony,4.433987204485146
irrational,4.433987204485146
is,1.1198011998126205
island,4.433987204485146
isn,4.433987204485146
isolation,4.433987204485146
issue,4.433987204485146
issues,3.181224235989778
it,1.3204718952747718
items,4.433987204485146
ithow,4.433987204485146
itnerves,4.433987204485146
its,2.4190841839428816
itself,3.3353749158170367
iv,4.433987204485146
jamie,4.028522096376982
jesse,4.433987204485146
job,2.8245492920510458
jobs,3.517696472610991
john,4.028522096376982
join,4.433987204485146
jonah,4.433987204485146
journal,4.433987204485146
journalist,4.028522096376982
journey,3.3353749158170367
joy,4.433987204485146
joys,4.433987204485146
juda,4.433987204485146
judea,4.433987204485146
judgment,4.433987204485146
juggle,4.433987204485146
jung,4.433987204485146
just,2.6422277352570913
justice,4.028522096376982
kaczynski,4.433987204485146
keep,3.3353749158170367
keeps,4.433987204485146
kessler,4.433987204485146
ketchup,4.433987204485146
kevin,4.433987204485146
key,2.4190841839428816
khan,4.433987204485146
kids,3.517696472610991
kill,4.433987204485146
killed,4.433987204485146
killers,4.028522096376982
kind,4.028522096376982
kingdoms,4.433987204485146
kit,4.433987204485146
kling,4.433987204485146
knew,3.740840023925201
know,2.729239112246721
knowing,4.028522096376982
knowledge,3.181224235989778
known,3.740840023925201
knows,3.3353749158170367
koch,4.433987204485146
kotler,4.433987204485146
krishna,4.433987204485146
krubitzer,4.433987204485146
lab,4.028522096376982
labels,4.433987204485146
laboratory,4.433987204485146
labors,4.433987204485146
labs,4.433987204485146
lacking,4.433987204485146
landmark,3.740840023925201
language,3.517696472610991
languages,4.028522096376982
large,3.740840023925201
largely,4.433987204485146
larger,4.028522096376982
largest,4.433987204485146
last,3.517696472610991
lasting,4.433987204485146
laszlo,4.433987204485146
later,4.028522096376982
latest,3.3353749158170367
laugh,4.028522096376982
laureates,4.433987204485146
law,3.740840023925201
laws,3.740840023925201
laying,4.433987204485146
lays,4.028522096376982
lead,3.3353749158170367
leader,4.028522096376982
leaderhow,4.433987204485146
leaders,4.028522096376982
leadership,4.433987204485146
leading,2.8245492920510458
leads,4.433987204485146
leah,4.433987204485146
lean,4.433987204485146
learn,3.181224235989778
learned,4.028522096376982
learning,3.740840023925201
least,4.028522096376982
leave,4.433987204485146
leaving,4.433987204485146
led,3.740840023925201
lee,4.028522096376982
left,4.433987204485146
legal,4.028522096376982
legendary,4.028522096376982
legitimacy,4.433987204485146
legos,4.433987204485146
lehman,4.433987204485146
length,4.433987204485146
lens,4.433987204485146
less,3.181224235989778
lesson,4.433987204485146
lessons,3.740840023925201
lethal,4.433987204485146
lets,4.433987204485146
level,3.740840023925201
leverage,3.740840023925201
leveraging,4.433987204485146
liberal,3.740840023925201
liberals,4.433987204485146
liberating,4.028522096376982
liberty,4.433987204485146
license,4.433987204485146
lie,3.740840023925201
lies,3.3353749158170367
life,1.949080554697146
lifeline,4.433987204485146
lifespans,4.433987204485146
lifestyle,4.433987204485146
lifestyles,4.433987204485146
lifetime,4.028522096376982
lift,4.433987204485146
light,3.3353749158170367
likable,4.433987204485146
like,1.991640169115942
likelihood,4.433987204485146
likely,4.028522096376982
likes,4.433987204485146
limitations,4.028522096376982
limited,4.028522096376982
limits,3.740840023925201
link,4.433987204485146
linkages,4.433987204485146
linking,4.433987204485146
lisa,4.433987204485146
list,4.433987204485146
listen,4.433987204485146
lists,4.433987204485146
literate,4.433987204485146
literature,4.028522096376982
little,3.181224235989778
live,2.5621850275835545
lively,4.028522096376982
lives,2.35454566280531
living,3.517696472610991
ll,4.028522096376982
lobes,4.433987204485146
locates,4.433987204485146
locked,4.433987204485146
logic,4.028522096376982
logical,4.028522096376982
lone,4.433987204485146
long,3.0476928433652555
longer,4.433987204485146
look,3.181224235989778
looking,4.433987204485146
looming,4.028522096376982
lose,4.028522096376982
losing,4.433987204485146
loss,4.433987204485146
losses,4.433987204485146
lost,4.433987204485146
lot,4.433987204485146
lots,4.433987204485146
loud,4.433987204485146
love,4.028522096376982
loved,4.433987204485146
low,4.028522096376982
lower,4.433987204485146
lucas,4.433987204485146
luck,4.028522096376982
lungs,4.433987204485146
luria,4.433987204485146
lurk,4.433987204485146
lying,4.433987204485146
lyrical,4.433987204485146
machine,4.028522096376982
machines,3.3353749158170367
made,2.729239112246721
madsbjerg,4.433987204485146
magazine,4.433987204485146
magic,4.433987204485146
magness,4.433987204485146
maharbiz,4.433987204485146
main,4.433987204485146
mainstream,4.028522096376982
major,4.028522096376982
majorities,4.433987204485146
make,1.991640169115942
makes,3.181224235989778
making,3.0476928433652555
malcolm,4.433987204485146
malfunctioning,4.433987204485146
man,4.028522096376982
manage,4.028522096376982
manageable,4.433987204485146
managed,4.433987204485146
management,3.517696472610991
managers,4.433987204485146
manby,4.433987204485146
manifested,4.433987204485146
manipulative,4.433987204485146
mansplaining,4.433987204485146
mantra,4.433987204485146
many,2.488077055429833
map,4.028522096376982
maps,4.433987204485146
marcus,4.433987204485146
marginalizing,4.433987204485146
mark,3.740840023925201
market,3.517696472610991
markets,4.028522096376982
married,4.433987204485146
marry,4.433987204485146
marrying,4.433987204485146
marshaling,4.433987204485146
masks,4.433987204485146
massive,4.433987204485146
mastered,4.433987204485146
mastering,4.433987204485146
masterpiece,4.433987204485146
match,4.433987204485146
matches,4.433987204485146
matching,4.433987204485146
material,4.433987204485146
mates,4.433987204485146
math,4.028522096376982
mathematical,4.028522096376982
mathematically,4.433987204485146
mathematician,4.433987204485146
mathematics,4.433987204485146
matteo,4.433987204485146
matter,3.740840023925201
matters,4.433987204485146
maverick,4.433987204485146
max,4.433987204485146
may,2.5621850275835545
mcdonalds,4.433987204485146
mckinsey,4.433987204485146
md,4.433987204485146
me,4.433987204485146
meaning,3.740840023925201
meaningful,4.028522096376982
means,3.517696472610991
measured,4.433987204485146
mechanism,4.433987204485146
media,4.433987204485146
medical,4.433987204485146
medicine,3.3353749158170367
meditation,4.028522096376982
meditative,4.433987204485146
medium,4.433987204485146
meeting,4.433987204485146
members,4.028522096376982
memes,4.433987204485146
memoir,4.433987204485146
memorable,4.433987204485146
memories,4.028522096376982
memory,3.740840023925201
men,4.433987204485146
mental,3.0476928433652555
mere,4.433987204485146
meredith,4.433987204485146
messages,4.433987204485146
messiness,4.433987204485146
messy,4.028522096376982
met,4.433987204485146
metaphors,4.433987204485146
method,4.433987204485146
methods,4.433987204485146
meticulously,4.433987204485146
mice,4.433987204485146
michel,4.433987204485146
microwave,4.433987204485146
microwavescome,4.433987204485146
midst,4.433987204485146
might,3.181224235989778
mike,4.433987204485146
military,4.433987204485146
millennia,4.433987204485146
million,4.028522096376982
millionaires,4.433987204485146
millions,3.740840023925201
mind,2.4190841839428816
mindall,4.433987204485146
minded,4.433987204485146
minds,3.0476928433652555
mindset,4.433987204485146
mindwise,4.433987204485146
minorities,4.433987204485146
minutes,4.433987204485146
miracle,4.433987204485146
misha,4.433987204485146
mistakes,4.028522096376982
misunderstanding,4.433987204485146
misunderstood,4.433987204485146
mit,4.028522096376982
mitchell,4.433987204485146
mixing,4.433987204485146
model,4.433987204485146
models,4.433987204485146
modern,4.433987204485146
moment,3.517696472610991
monetary,4.433987204485146
money,3.740840023925201
moneya,4.433987204485146
moneyball,4.433987204485146
month,4.433987204485146
moon,4.028522096376982
moral,4.433987204485146
morality,4.433987204485146
more,1.7598385550586175
morning,4.433987204485146
mortality,4.433987204485146
moser,4.433987204485146
moseran,4.433987204485146
most,1.9082585601768907
motivations,4.433987204485146
motives,4.433987204485146
move,4.028522096376982
moving,3.517696472610991
much,2.35454566280531
muck,4.433987204485146
muh,4.433987204485146
multi,4.433987204485146
multiplicity,4.433987204485146
multiplying,4.433987204485146
multiverse,4.433987204485146
multiverse13,4.433987204485146
multiverses,4.433987204485146
mundane,4.433987204485146
muscle,4.028522096376982
music,4.028522096376982
musicians,4.433987204485146
musk,4.433987204485146
must,3.740840023925201
my,4.433987204485146
myriad,4.433987204485146
myself,4.433987204485146
mysteries,3.740840023925201
mysterious,4.433987204485146
mystery,4.433987204485146
myth,4.433987204485146
myths,4.028522096376982
namely,4.433987204485146
narrative,4.433987204485146
narrow,4.433987204485146
nassim,4.433987204485146
national,3.740840023925201
nationalism,4.433987204485146
nations,4.028522096376982
natural,3.3353749158170367
nature,2.5621850275835545
navigate,4.433987204485146
navy,4.028522096376982
near,4.028522096376982
necessary,4.433987204485146
necker,4.433987204485146
ned,4.433987204485146
need,3.740840023925201
needed,3.740840023925201
needs,4.028522096376982
negative,4.433987204485146
negotiations,4.433987204485146
neighborhoods,4.433987204485146
neighbors,4.433987204485146
neil,4.433987204485146
nerve,4.433987204485146
nerves,4.433987204485146
networks,4.028522096376982
neurobiology,4.028522096376982
neurochemical,4.433987204485146
neurocriminology,4.433987204485146
neurological,4.433987204485146
neurons,4.433987204485146
neuropsychiatrist,4.433987204485146
neuropsychologist,4.433987204485146
neuropsychology,4.433987204485146
neuroscience,2.8245492920510458
neuroscientist,4.028522096376982
never,2.8245492920510458
new,1.6931471805599454
news,4.433987204485146
next,3.740840023925201
nice,4.433987204485146
nicholas,4.028522096376982
nightmares,4.433987204485146
nike,4.433987204485146
nine,4.433987204485146
nineteenth,4.433987204485146
no,3.3353749158170367
noah,4.028522096376982
nobel,4.028522096376982
nobody,4.433987204485146
noise,4.433987204485146
non,4.433987204485146
noncontroversial,4.433987204485146
none,4.028522096376982
nonsense,4.433987204485146
not,1.7259370033829362
note,4.433987204485146
notebook,4.433987204485146
noted,4.433987204485146
notes,4.433987204485146
nothing,4.433987204485146
notion,4.433987204485146
notions,4.433987204485146
notoriety,4.433987204485146
noun,4.433987204485146
novices,4.433987204485146
now,3.181224235989778
nuanced,4.433987204485146
nuclear,4.433987204485146
number,3.740840023925201
numbers,4.433987204485146
numberswanted,4.433987204485146
numerahow,4.433987204485146
numerate,4.433987204485146
nurta,4.433987204485146
nurture,4.028522096376982
nyt,4.433987204485146
obama,4.028522096376982
object,4.433987204485146
objects,4.433987204485146
obscured,4.433987204485146
observe,4.433987204485146
of,1.0162605208717803
off,4.433987204485146
offenders,4.433987204485146
offending,4.433987204485146
offer,3.517696472610991
offers,2.4190841839428816
official,4.433987204485146
often,2.2939210409888755
olaf,4.433987204485146
old,4.028522096376982
older,4.433987204485146
olds,4.433987204485146
olympic,4.433987204485146
olympics,4.433987204485146
on,1.3204718952747718
once,3.740840023925201
one,2.0360919316867756
ones,3.740840023925201
ongoing,4.433987204485146
only,2.236762627148927
open,3.740840023925201
opening,4.433987204485146
opens,4.433987204485146
operating,4.433987204485146
operations,4.433987204485146
operators,4.433987204485146
opinions,4.433987204485146
opportunities,4.028522096376982
oppression,4.433987204485146
optimally,4.433987204485146
optimistically,4.433987204485146
option,4.433987204485146
or,1.9082585601768907
orda,4.433987204485146
order,3.517696472610991
ordinary,4.433987204485146
organization,4.028522096376982
organizational,4.028522096376982
organizations,4.028522096376982
organizing,4.028522096376982
oriented,4.433987204485146
origin,4.433987204485146
original,3.740840023925201
originals,4.433987204485146
origins,3.740840023925201
other,2.8245492920510458
others,2.6422277352570913
otherwise,4.433987204485146
our,1.3204718952747718
ours,4.433987204485146
ourselves,2.4190841839428816
ourthe,4.433987204485146
out,2.2939210409888755
out2,4.433987204485146
outcomes,3.740840023925201
outer,4.433987204485146
outlines,4.433987204485146
outperform,3.740840023925201
outside,3.517696472610991
outsmart,4.433987204485146
outstanding,4.433987204485146
over,2.9299098077088725
overcome,4.433987204485146
overcoming,4.433987204485146
overdue,4.433987204485146
overestimate,4.433987204485146
overlooked,4.433987204485146
overturns,4.028522096376982
overview,4.433987204485146
overwhelming,4.433987204485146
own,2.5621850275835545
owning,4.433987204485146
pace,4.433987204485146
paced,4.433987204485146
pacing,4.433987204485146
pack,4.433987204485146
page,4.028522096376982
pagel,4.433987204485146
pages,4.433987204485146
paid,4.433987204485146
painful,4.433987204485146
painless,4.433987204485146
painstaking,4.433987204485146
paints,4.433987204485146
paleolithic,4.433987204485146
paleontology,4.433987204485146
pandora,4.433987204485146
panic,4.433987204485146
panorama,4.433987204485146
panoramic,4.433987204485146
paper,4.028522096376982
par,4.433987204485146
paradigm,4.433987204485146
paradoxically,4.433987204485146
parallel,4.433987204485146
paralysis,4.433987204485146
paralyzes,4.433987204485146
parenting,4.028522096376982
parents,3.740840023925201
parking,4.433987204485146
parlous,4.433987204485146
part,3.517696472610991
particle,4.433987204485146
particular,3.740840023925201
partly,4.433987204485146
partners,4.028522096376982
partnership,4.433987204485146
parts,4.028522096376982
pass,4.028522096376982
passengers,4.433987204485146
passionate,4.433987204485146
passive,4.433987204485146
past,2.9299098077088725
path,4.433987204485146
pathetic,4.433987204485146
patient,4.028522096376982
patients,4.433987204485146
patterns,3.517696472610991
pay,4.433987204485146
paying,4.028522096376982
peak,4.433987204485146
peaking,4.433987204485146
pearl,4.433987204485146
pecking,4.433987204485146
peers,4.028522096376982
pen,4.433987204485146
peopfrom,4.433987204485146
people,1.949080554697146
peoplwe,4.433987204485146
perceive,4.028522096376982
percentage,4.433987204485146
perfect,4.028522096376982
perform,4.028522096376982
performance,3.3353749158170367
performed,4.433987204485146
performers,4.028522096376982
perhaps,4.433987204485146
peril,4.433987204485146
periods,4.433987204485146
persevere,4.433987204485146
persist,4.028522096376982
person,3.517696472610991
personal,2.8245492920510458
personalities,4.028522096376982
personality,4.433987204485146
perspective,4.433987204485146
perspectives,4.028522096376982
persuade,4.433987204485146
pervades,4.433987204485146
pervasive,4.433987204485146
pharmacology,4.433987204485146
phenomena,4.433987204485146
phenomenon,3.740840023925201
philip,4.433987204485146
philistines,4.433987204485146
philosopher,4.028522096376982
philosophical,4.433987204485146
philosophies,4.433987204485146
philosophy,3.3353749158170367
photon,4.433987204485146
phrase,4.433987204485146
physical,3.181224235989778
physics,3.517696472610991
physiological,4.433987204485146
physiology,4.433987204485146
picture,4.433987204485146
pieces,4.433987204485146
pilot,4.433987204485146
pilots,4.433987204485146
pink,4.433987204485146
pinkerblending,4.433987204485146
pioneering,4.433987204485146
pioneers,4.433987204485146
pirates,4.433987204485146
place,4.028522096376982
placing,4.433987204485146
plague,4.433987204485146
plain,4.433987204485146
plainspoken,4.433987204485146
planes,4.433987204485146
planet,3.517696472610991
planets,4.433987204485146
planning,4.433987204485146
plant,4.433987204485146
plants,4.433987204485146
play,4.028522096376982
played,4.028522096376982
playground,4.433987204485146
plays,4.028522096376982
plea,4.433987204485146
plough,4.433987204485146
pockets,4.433987204485146
podcast,4.433987204485146
poeppel,4.433987204485146
point,4.028522096376982
points,4.433987204485146
poise,4.433987204485146
policies,3.3353749158170367
policy,4.433987204485146
policymaking,4.433987204485146
political,3.3353749158170367
politics,3.517696472610991
pool,4.433987204485146
poorly,4.433987204485146
pop,4.433987204485146
popular,3.517696472610991
popularity,4.433987204485146
popularno,4.433987204485146
population,4.433987204485146
populism,4.433987204485146
portraying,4.433987204485146
posed,4.433987204485146
positives,4.433987204485146
possessing,4.433987204485146
possessions,4.028522096376982
possible,3.517696472610991
possibly,4.433987204485146
post,4.028522096376982
postponing,4.433987204485146
potential,2.9299098077088725
pouring,4.433987204485146
poverty,4.028522096376982
power,2.4190841839428816
powerful,3.181224235989778
powerfully,4.433987204485146
powerlifting,4.433987204485146
powers,4.433987204485146
practical,3.181224235989778
practice,4.433987204485146
practices,4.433987204485146
praise,4.433987204485146
praised,4.433987204485146
prasad,4.433987204485146
pre,4.028522096376982
precision,4.433987204485146
predict,4.028522096376982
prediction,4.028522096376982
predictions,4.028522096376982
predictive,4.433987204485146
predicts,4.433987204485146
predispose,4.433987204485146
prefer,4.433987204485146
preferences,4.433987204485146
pregnancy,4.433987204485146
prejudice,4.433987204485146
preparing,4.433987204485146
presentation,4.433987204485146
presents,4.028522096376982
press,4.028522096376982
pressing,4.433987204485146
pressure,4.028522096376982
pretending,4.433987204485146
prevent,4.028522096376982
prevention,4.433987204485146
previously,4.433987204485146
prey,4.433987204485146
priced,4.433987204485146
primate,4.433987204485146
primates,4.433987204485146
priming,4.433987204485146
principles,2.9299098077088725
printing,4.433987204485146
prinz,4.433987204485146
prior,4.433987204485146
privacy,4.433987204485146
private,4.433987204485146
privilege,4.433987204485146
prize,4.433987204485146
problem,4.028522096376982
problems,3.181224235989778
process,3.0476928433652555
processes,3.3353749158170367
processing,4.433987204485146
produced,4.028522096376982
product,4.433987204485146
productive,4.028522096376982
productivity,4.433987204485146
products,4.433987204485146
profession,4.433987204485146
professional,4.028522096376982
professionals,4.028522096376982
professor,3.740840023925201
professors,4.433987204485146
profiles,4.433987204485146
profited,4.433987204485146
profits,4.433987204485146
profound,3.3353749158170367
profoundly,3.517696472610991
programming,4.028522096376982
programs,4.028522096376982
progress,3.740840023925201
prohibition,4.433987204485146
project,4.433987204485146
projects,4.028522096376982
promise,4.433987204485146
promised,4.028522096376982
promotion,4.433987204485146
prone,4.433987204485146
propagate,4.028522096376982
propensity,4.433987204485146
properties,4.433987204485146
propose,4.433987204485146
proposes,4.028522096376982
prospects,4.433987204485146
prosperity,4.028522096376982
prosperous,4.433987204485146
protect,4.028522096376982
prove,4.433987204485146
proves,4.433987204485146
provide,4.433987204485146
provided,4.433987204485146
provides,3.740840023925201
provocative,3.0476928433652555
provoking,4.433987204485146
psyche,4.433987204485146
psyches,4.433987204485146
psychiatry,4.433987204485146
psychological,3.740840023925201
psychologist,3.181224235989778
psychology,2.488077055429833
public,4.433987204485146
published,4.433987204485146
publishers,4.433987204485146
punish,4.433987204485146
punishment,4.433987204485146
pure,4.433987204485146
purpose,3.740840023925201
pursue,4.433987204485146
pursuit,4.433987204485146
pushing,4.433987204485146
put,4.028522096376982
putting,4.433987204485146
puzzle,4.028522096376982
qaeda,4.433987204485146
qualified,4.433987204485146
qualify,4.433987204485146
qualities,4.028522096376982
quality,4.433987204485146
quandaries,4.433987204485146
quant,4.433987204485146
quanta,4.433987204485146
quantum,4.028522096376982
quegeoffrey,4.433987204485146
quest,3.517696472610991
question,2.9299098077088725
questioning,4.028522096376982
questions,2.5621850275835545
quests,4.433987204485146
quiet,4.433987204485146
quietly,4.028522096376982
quit,4.433987204485146
quo,4.433987204485146
race,3.517696472610991
radical,3.517696472610991
radically,4.433987204485146
rain,4.433987204485146
rainbows,4.433987204485146
raine,4.433987204485146
raise,4.028522096376982
raising,4.433987204485146
randomness,4.433987204485146
range,2.729239112246721
ranging,3.740840023925201
rapidly,4.028522096376982
rare,4.028522096376982
rarely,3.517696472610991
rate,4.028522096376982
rated,4.433987204485146
rather,3.3353749158170367
rational,4.028522096376982
rationality,4.433987204485146
razor,4.433987204485146
re,2.5621850275835545
reaching,3.740840023925201
reactions,4.433987204485146
read,4.028522096376982
readable,4.028522096376982
reader,3.740840023925201
readers,2.8245492920510458
reading,4.433987204485146
ready,4.433987204485146
real,3.740840023925201
realistically,4.433987204485146
reality,4.028522096376982
reality10,4.433987204485146
realize,4.028522096376982
realized,4.433987204485146
really,3.181224235989778
realm,4.028522096376982
rearing,4.433987204485146
reason,4.433987204485146
reasoning,4.433987204485146
reassess,4.433987204485146
rebound,4.433987204485146
recall,4.433987204485146
receive,4.433987204485146
received,4.433987204485146
recent,4.433987204485146
recently,4.028522096376982
recognition,4.433987204485146
recognize,4.028522096376982
recognized,4.028522096376982
recognizing,4.433987204485146
recollections,4.433987204485146
recounts,4.433987204485146
recover,4.433987204485146
red,4.433987204485146
redefines,4.028522096376982
redesign,4.433987204485146
rediscover,4.028522096376982
reduce,4.433987204485146
reduced,4.028522096376982
reducedin,4.433987204485146
reflected,4.433987204485146
reflecting,4.433987204485146
reflectinin,4.433987204485146
reflects,4.433987204485146
refuse,4.433987204485146
regard,4.433987204485146
regarded,4.433987204485146
regardless,4.433987204485146
region,4.433987204485146
regularly,4.433987204485146
regulated,4.433987204485146
regulations,4.433987204485146
rein,4.433987204485146
reined,4.433987204485146
reject,4.028522096376982
rejoinder,4.433987204485146
related,4.433987204485146
relation,4.028522096376982
relations,4.433987204485146
relationship,3.740840023925201
relationships,3.517696472610991
relative,4.433987204485146
relativity,4.433987204485146
relentless,4.433987204485146
reliable,4.028522096376982
reliably,4.433987204485146
relies,4.433987204485146
religion,4.028522096376982
religious,4.433987204485146
remain,4.028522096376982
remarkable,4.433987204485146
remember,3.740840023925201
remembering,4.433987204485146
reminds,4.433987204485146
remote,4.433987204485146
removes,4.433987204485146
renew,4.433987204485146
renminbi,4.433987204485146
rentals,4.433987204485146
repair,4.433987204485146
repercussions,4.433987204485146
replace,4.433987204485146
replacing,4.433987204485146
replenishes,4.433987204485146
replicate,4.433987204485146
replied,4.433987204485146
reported,4.433987204485146
reporting,4.433987204485146
reproducing,4.433987204485146
require,4.433987204485146
requires,4.433987204485146
requiring,4.433987204485146
research,2.236762627148927
researcher,4.028522096376982
researchers,4.028522096376982
researching,4.433987204485146
reserve,4.028522096376982
residences,4.433987204485146
residential,4.433987204485146
resilience,4.433987204485146
resilient,4.433987204485146
resistance,4.433987204485146
resonant,4.433987204485146
resource,4.433987204485146
resourcefulness,4.433987204485146
resources,4.433987204485146
respect,4.433987204485146
responses,4.433987204485146
responsibility,4.028522096376982
rest,4.028522096376982
resting,4.433987204485146
restless,4.433987204485146
restlessness,4.433987204485146
restricts,4.433987204485146
result,3.3353749158170367
resulted,4.433987204485146
results,3.740840023925201
resultssince,4.433987204485146
resume,4.433987204485146
rethink,4.433987204485146
retreat,4.433987204485146
retreats,4.433987204485146
returns,4.433987204485146
reveal,3.517696472610991
revealing,3.517696472610991
reveals,2.5621850275835545
revelations,4.028522096376982
review,4.433987204485146
revolution,3.517696472610991
revolutionary,4.028522096376982
revolutionize,3.517696472610991
revolutionized,4.028522096376982
revolutions,4.433987204485146
reward,4.433987204485146
rewarding,4.433987204485146
rice,4.433987204485146
rich,3.3353749158170367
richard,4.028522096376982
richer,4.028522096376982
riddled,4.433987204485146
ride,4.433987204485146
rigged,4.433987204485146
right,3.517696472610991
rights,3.740840023925201
rise,3.517696472610991
risk,3.740840023925201
risks,3.740840023925201
riveting,4.433987204485146
robert,4.028522096376982
robotics,4.433987204485146
robs,4.433987204485146
robust,4.433987204485146
role,2.9299098077088725
romance,4.433987204485146
romantic,4.433987204485146
rookie,4.433987204485146
room,4.433987204485146
roots,4.028522096376982
rose,4.433987204485146
rotting,4.433987204485146
rounduppart,4.433987204485146
routinely,4.433987204485146
routines,4.433987204485146
ruined,4.433987204485146
rule,4.028522096376982
rules,4.028522096376982
run,4.028522096376982
runaway,4.433987204485146
running,4.433987204485146
rush,4.433987204485146
russian,4.433987204485146
sacrifice,4.433987204485146
sacrifices,4.433987204485146
safe,4.028522096376982
safer,4.433987204485146
said,4.433987204485146
saints,4.433987204485146
salary,4.433987204485146
sales,4.433987204485146
same,2.8245492920510458
sandberg,4.433987204485146
sapiens,4.028522096376982
sasha,4.433987204485146
satisfaction,4.433987204485146
satisfying,4.028522096376982
sats,4.433987204485146
save,4.028522096376982
saved,4.433987204485146
savings,4.433987204485146
say,4.433987204485146
says,4.433987204485146
scale,4.028522096376982
scales,4.433987204485146
scans,4.433987204485146
schedule,4.433987204485146
schemers,4.433987204485146
scheming,4.433987204485146
schmidt,4.433987204485146
school,3.740840023925201
schools,4.433987204485146
schwarzenegger,4.433987204485146
science,2.0826119473216687
sciences,3.740840023925201
scientific,2.5621850275835545
scientism,4.433987204485146
scientist,3.181224235989778
scientists,2.4190841839428816
scooped,4.433987204485146
scores,4.433987204485146
scott,4.028522096376982
seal,4.433987204485146
seals,4.028522096376982
sean,4.433987204485146
searching,4.433987204485146
seasoned,4.433987204485146
seated,4.433987204485146
seats,4.433987204485146
second,4.028522096376982
secret,4.028522096376982
secretly,4.028522096376982
secrets,3.740840023925201
secular,4.433987204485146
securities,4.433987204485146
security,4.028522096376982
see,3.517696472610991
seeds,4.433987204485146
seeing,4.433987204485146
seek,4.433987204485146
seeking,3.740840023925201
seem,3.3353749158170367
seemed,4.433987204485146
seems,3.517696472610991
seen,4.433987204485146
segregation,4.433987204485146
segue,4.433987204485146
selection,4.028522096376982
self,2.9299098077088725
selfishness,4.433987204485146
selling,3.517696472610991
seneca,4.433987204485146
senior,4.433987204485146
sense,3.3353749158170367
sensemaking,4.433987204485146
sensitivitwhat,4.433987204485146
sensitivity,4.433987204485146
sensory,4.433987204485146
sent,4.433987204485146
separates,4.433987204485146
sequenced,4.433987204485146
serial,4.028522096376982
series,3.517696472610991
serious,4.433987204485146
serum,4.433987204485146
serve,3.740840023925201
serving,4.433987204485146
set,3.740840023925201
setbacks,4.433987204485146
seth,4.433987204485146
settling,4.433987204485146
seventeen,4.433987204485146
several,4.433987204485146
sex,4.433987204485146
sexual,4.028522096376982
sexy,4.433987204485146
shackles,4.433987204485146
shaking,4.433987204485146
shape,3.181224235989778
shaped,3.517696472610991
share,4.433987204485146
sharing,4.433987204485146
sharp,4.433987204485146
shattering,4.433987204485146
shatters,4.433987204485146
she,3.517696472610991
shedding,4.028522096376982
sheds,4.433987204485146
sheer,4.433987204485146
shenoy,4.433987204485146
sheryl,4.433987204485146
shift,4.433987204485146
shifting,4.433987204485146
shocking,4.433987204485146
shop,4.433987204485146
shopping,4.433987204485146
shored,4.433987204485146
short,3.740840023925201
shortcomings,4.433987204485146
shorter,4.028522096376982
should,2.8245492920510458
show,3.0476928433652555
showeveryone,4.433987204485146
shown,4.433987204485146
shows,2.35454566280531
shulgin,4.433987204485146
shy,4.433987204485146
sian,4.433987204485146
sides,4.433987204485146
sidewalk,4.433987204485146
siegel,4.433987204485146
sight,4.433987204485146
sightedness,4.433987204485146
signal,4.433987204485146
signature,4.433987204485146
significant,4.028522096376982
silent,4.433987204485146
silicon,4.433987204485146
siloed,4.433987204485146
simon,4.433987204485146
simple,3.0476928433652555
simulation,4.433987204485146
simulations,4.433987204485146
sin,4.433987204485146
since,3.740840023925201
singing,4.433987204485146
single,4.433987204485146
situated,4.433987204485146
situation,4.433987204485146
situations,4.433987204485146
six,3.517696472610991
sixth,4.433987204485146
sixty,4.028522096376982
size,4.028522096376982
sketches,4.433987204485146
skills,3.740840023925201
skin,4.433987204485146
sleep,3.740840023925201
sloan,4.433987204485146
sloman,4.433987204485146
slow,4.028522096376982
slowing,4.433987204485146
slumber,4.433987204485146
smaller,4.433987204485146
smart,4.433987204485146
smarter,4.433987204485146
so,2.236762627148927
sober,4.433987204485146
soccermatics,4.433987204485146
social,2.6422277352570913
socially,4.433987204485146
societal,4.433987204485146
societies,3.740840023925201
society,3.3353749158170367
sociology,4.433987204485146
software,3.740840023925201
solar,4.433987204485146
sold,4.433987204485146
soldiers,4.028522096376982
solution,3.740840023925201
solutions,3.517696472610991
solve,3.3353749158170367
some,2.236762627148927
someone,3.740840023925201
something,3.3353749158170367
sometimes,3.3353749158170367
sonenshein,4.433987204485146
song,4.433987204485146
soon,4.433987204485146
soros,4.433987204485146
sort,4.433987204485146
soul,4.433987204485146
souls,4.433987204485146
sound,4.433987204485146
sounds,4.433987204485146
source,4.433987204485146
sovereign,4.433987204485146
soviet,4.433987204485146
sown,4.433987204485146
space,3.740840023925201
spaces,4.433987204485146
spans,4.028522096376982
sparkling,4.433987204485146
speak,4.028522096376982
spearhead,4.433987204485146
special,4.028522096376982
specialization,4.433987204485146
species,3.517696472610991
specific,4.433987204485146
speck,4.433987204485146
spectacular,4.433987204485146
spectaculincluding,4.433987204485146
spectrum,4.433987204485146
speculation,4.433987204485146
speech,4.028522096376982
speed,4.433987204485146
spent,4.433987204485146
spider,4.433987204485146
spirit,4.433987204485146
spiritual,4.433987204485146
split,4.433987204485146
sporns,4.433987204485146
sports,4.028522096376982
spot,4.028522096376982
spotify,4.433987204485146
spotlight,4.433987204485146
spouse,4.028522096376982
spouses,4.433987204485146
spreading,4.433987204485146
sprinkler,4.433987204485146
spurred,4.433987204485146
staff,4.433987204485146
stage,4.028522096376982
staggering,4.433987204485146
stagnation,4.433987204485146
stakes,4.028522096376982
stalinism,4.433987204485146
stand,4.433987204485146
standard,4.028522096376982
standardized,4.433987204485146
stars,4.028522096376982
start,3.740840023925201
starting,4.433987204485146
startling,4.433987204485146
state,3.740840023925201
states,4.028522096376982
statistician,4.433987204485146
statistics,4.433987204485146
status,4.028522096376982
stay,4.433987204485146
steadier,4.433987204485146
stealing,4.433987204485146
stem,4.433987204485146
stems,4.433987204485146
stephens,4.433987204485146
stepping,4.433987204485146
steps,4.028522096376982
steve,4.028522096376982
steven,3.740840023925201
stewardship,4.433987204485146
stiff,4.433987204485146
still,3.517696472610991
stimulation,4.433987204485146
stock,4.433987204485146
stood,4.028522096376982
stop,4.433987204485146
stopped,3.517696472610991
store,4.433987204485146
stored,4.433987204485146
stores,4.433987204485146
stories,2.8245492920510458
story,3.740840023925201
storytelling,4.433987204485146
straightforward,4.433987204485146
strained,4.433987204485146
strange,4.028522096376982
strangeness,4.433987204485146
strategic,4.433987204485146
strategies,4.433987204485146
strategy,4.028522096376982
stream,4.433987204485146
streams,4.433987204485146
streets,4.433987204485146
strength,3.740840023925201
strengthened,4.433987204485146
strengths,4.433987204485146
stress,4.433987204485146
stretch,4.433987204485146
stretching,4.433987204485146
strive,4.028522096376982
strong,3.740840023925201
structure,4.028522096376982
structuring,4.433987204485146
struggles,4.433987204485146
stubborn,4.433987204485146
student,3.740840023925201
students,4.433987204485146
studied,4.433987204485146
studies,3.517696472610991
study,4.028522096376982
stulberg,4.433987204485146
stumbled,4.433987204485146
stumbling,4.433987204485146
stunning,4.028522096376982
style,4.028522096376982
sub,4.433987204485146
subject,4.433987204485146
subjective,4.433987204485146
subservient,4.433987204485146
succeed,3.517696472610991
success,2.729239112246721
successful,3.181224235989778
successfully,4.433987204485146
succinctly,4.433987204485146
such,2.729239112246721
sudden,4.433987204485146
suddenly,4.433987204485146
suffer,4.433987204485146
suffering,3.740840023925201
suggest,4.433987204485146
suggestions,4.433987204485146
suicidal,4.433987204485146
suicide,3.740840023925201
suit,4.433987204485146
sum,4.433987204485146
sun,4.433987204485146
super,4.433987204485146
superintelligence,4.433987204485146
superior,4.028522096376982
supplant,4.433987204485146
supplement,4.433987204485146
supplements,4.433987204485146
support,4.433987204485146
supported,4.433987204485146
supremely,4.433987204485146
surf,4.433987204485146
surface,4.433987204485146
surfing,4.433987204485146
surgeries,4.433987204485146
surprised,4.433987204485146
surprising,2.488077055429833
surrendering,4.433987204485146
surroundings,4.433987204485146
survival,4.433987204485146
survive,4.028522096376982
survived,4.433987204485146
survivors,4.433987204485146
sustain,4.028522096376982
sustainability,4.028522096376982
sustainwith,4.433987204485146
swan,4.433987204485146
sweeping,4.433987204485146
switch,4.433987204485146
symmetry,4.433987204485146
syndicated,4.433987204485146
synergy,4.433987204485146
system,3.0476928433652555
systemic,4.433987204485146
systems,3.740840023925201
table,4.433987204485146
taboo,4.028522096376982
tackles,4.433987204485146
tactics,4.433987204485146
take,3.181224235989778
takes,2.9299098077088725
taking,4.433987204485146
taleb,4.433987204485146
talent,4.028522096376982
talented,4.433987204485146
talk,3.740840023925201
talking,4.433987204485146
taller,4.433987204485146
tangible,4.433987204485146
tantalizing,4.433987204485146
task,4.433987204485146
tasks,4.433987204485146
tastes,4.433987204485146
tasty,4.433987204485146
taught,4.433987204485146
taylor,4.433987204485146
teach,4.028522096376982
teaches,4.433987204485146
teachings,4.433987204485146
team,3.517696472610991
teams,3.517696472610991
tech,4.433987204485146
techniques,4.028522096376982
technochauvinism,4.433987204485146
technological,4.433987204485146
technologies,4.433987204485146
technologists,4.433987204485146
technology,3.3353749158170367
ted,4.433987204485146
teenage,4.433987204485146
teens,4.433987204485146
tegmark,4.028522096376982
tell,4.028522096376982
telling,3.740840023925201
tells,4.433987204485146
telomerase,4.433987204485146
telomere,4.433987204485146
telomeres,4.433987204485146
ten,4.433987204485146
tendencies,4.433987204485146
terms,4.028522096376982
terrain,4.433987204485146
terribly,4.433987204485146
terrorists,4.433987204485146
test,3.740840023925201
testing,4.433987204485146
tests,3.740840023925201
textbooks,4.433987204485146
than,1.7949298748698876
that,1.1381503384808171
thata,4.433987204485146
the,1.0162605208717803
thea,4.433987204485146
thegalaxies,4.433987204485146
their,2.0360919316867756
them,2.35454566280531
themselves,4.433987204485146
then,3.181224235989778
theology,4.433987204485146
theories,4.028522096376982
theory,3.517696472610991
there,2.6422277352570913
therefore,4.433987204485146
these,2.236762627148927
they,1.991640169115942
thing,4.028522096376982
things,2.9299098077088725
think,2.35454566280531
thinkers,4.028522096376982
thinking,2.9299098077088725
third,4.433987204485146
this,1.365934269351529
thorniest,4.433987204485146
thorny,4.433987204485146
thorough,4.433987204485146
thoroughly,4.433987204485146
those,2.729239112246721
though,3.740840023925201
thought,3.181224235989778
thoughts,3.181224235989778
thousand,3.740840023925201
thousands,3.517696472610991
threat,4.433987204485146
three,3.181224235989778
thrill,4.433987204485146
thrive,3.740840023925201
throes,4.433987204485146
through,2.2939210409888755
throughout,4.433987204485146
throughoutwhy,4.433987204485146
throws,4.433987204485146
thsince,4.433987204485146
thuman,4.433987204485146
thus,4.433987204485146
tick,4.433987204485146
tight,4.433987204485146
tim,4.028522096376982
tim100,4.433987204485146
time,2.1826954058786514
timely,4.028522096376982
times,2.488077055429833
timetables,4.433987204485146
timewhere,4.433987204485146
timing,4.028522096376982
tin,4.433987204485146
tips,3.740840023925201
titanic,4.433987204485146
titles,4.433987204485146
to,1.0495969411393722
tobacco,4.433987204485146
tocqueville,4.433987204485146
today,2.4190841839428816
todd,4.433987204485146
together,3.181224235989778
toilet,4.433987204485146
told,3.740840023925201
toldin,4.433987204485146
tom,4.433987204485146
tome,4.433987204485146
too,2.9299098077088725
tool,4.433987204485146
toolkit,4.433987204485146
tools,3.740840023925201
top,3.517696472610991
topics,4.433987204485146
touch,4.433987204485146
touched,4.433987204485146
tour,4.028522096376982
toward,4.433987204485146
traces,4.028522096376982
tracing,4.433987204485146
track,4.433987204485146
tracks,4.433987204485146
trade,4.433987204485146
trademark,4.028522096376982
tradition,4.433987204485146
traditional,4.433987204485146
traditionally,4.433987204485146
traditions,4.433987204485146
trailblazers,4.433987204485146
trailblazing,4.433987204485146
trained,4.433987204485146
training,4.028522096376982
trait,3.740840023925201
traits,4.433987204485146
trajectory,4.433987204485146
transcendence,4.433987204485146
transcending,4.433987204485146
transfer,4.433987204485146
transform,4.433987204485146
transformational,4.433987204485146
transformative,4.028522096376982
transformed,4.433987204485146
transforming,4.433987204485146
transforms,4.433987204485146
translate,3.740840023925201
transports,4.433987204485146
trap,4.433987204485146
traps,4.433987204485146
trauma,4.028522096376982
traumas,4.433987204485146
travel,4.433987204485146
treating,4.433987204485146
treatment,4.028522096376982
tree,4.433987204485146
tremendous,4.028522096376982
tribalism,4.433987204485146
tricks,3.740840023925201
trillion,4.028522096376982
trillions,4.433987204485146
trivial,4.433987204485146
trove,4.433987204485146
true,3.3353749158170367
truly,3.3353749158170367
trump,4.433987204485146
trust,3.740840023925201
truth,3.517696472610991
truths,4.433987204485146
try,4.433987204485146
trying,3.3353749158170367
tuned,4.433987204485146
turing,4.433987204485146
turn,3.517696472610991
turned,4.028522096376982
turning,4.433987204485146
turns,4.028522096376982
twelve,4.433987204485146
twenty,3.517696472610991
twentyforeword,4.433987204485146
two,3.181224235989778
tyler,4.433987204485146
type,4.433987204485146
types,4.433987204485146
tyranny,4.433987204485146
tyson,4.433987204485146
tyuval,4.433987204485146
ugly,4.433987204485146
ultimate,3.3353749158170367
ultimately,3.181224235989778
un,4.433987204485146
unaware,4.433987204485146
unchanging,4.433987204485146
unconscious,3.740840023925201
uncontrollable,4.028522096376982
unconvincing,4.433987204485146
uncovered,4.433987204485146
uncovering,4.433987204485146
uncovers,4.028522096376982
under,3.517696472610991
undercover,4.433987204485146
underestimate,4.433987204485146
underestimates,4.433987204485146
underground,4.433987204485146
underlying,4.433987204485146
undermined,4.433987204485146
undermines,4.433987204485146
underpinning,4.433987204485146
underpinnings,4.433987204485146
understand,2.2939210409888755
understanding,2.236762627148927
understood,4.433987204485146
undertake,4.433987204485146
undertakes,4.433987204485146
undone,4.433987204485146
unexamined,4.028522096376982
unexpected,4.433987204485146
unfathomable,4.433987204485146
unflappable,4.433987204485146
unfolded,4.433987204485146
unhappiness,4.433987204485146
unidentified,4.433987204485146
unified,4.433987204485146
uniformity,4.433987204485146
unifying,4.433987204485146
unintelligence,4.433987204485146
unintrusive,4.433987204485146
union,4.028522096376982
unique,3.740840023925201
uniquely,3.517696472610991
uniqueness,4.433987204485146
united,4.028522096376982
universal,4.433987204485146
universally,4.433987204485146
universe,4.028522096376982
university,3.740840023925201
unleashed,4.433987204485146
unlock,4.433987204485146
unlocking,4.433987204485146
unlocks,4.028522096376982
unnecessary,4.433987204485146
unour,4.433987204485146
unprecedented,4.028522096376982
unravel,4.433987204485146
unreality,4.433987204485146
unruly,4.433987204485146
unspoken,4.433987204485146
unsurpassed,4.433987204485146
untangle,4.433987204485146
untapped,4.433987204485146
until,4.028522096376982
unusual,4.433987204485146
unusually,4.433987204485146
unveiling,4.433987204485146
up,2.4190841839428816
upend,4.433987204485146
upgrade,4.028522096376982
upon,3.517696472610991
upside,4.028522096376982
urbanization,4.433987204485146
urgent,4.028522096376982
us,1.365934269351529
use,2.6422277352570913
used,3.517696472610991
useful,4.028522096376982
user,4.433987204485146
users,4.433987204485146
uses,4.028522096376982
using,2.8245492920510458
usual,4.433987204485146
usually,4.433987204485146
utopia,4.433987204485146
vaccinate,4.433987204485146
valedictorians,4.433987204485146
valley,4.433987204485146
valuable,4.433987204485146
values,3.740840023925201
varied,4.433987204485146
vast,3.517696472610991
vastly,4.433987204485146
ve,3.181224235989778
venerated,4.433987204485146
version,4.433987204485146
very,3.0476928433652555
vetted,4.433987204485146
via,4.433987204485146
vices,4.433987204485146
victims,4.433987204485146
view,3.740840023925201
viewpoints,4.433987204485146
views,4.433987204485146
vignettes,4.433987204485146
vinci,4.433987204485146
violence,4.028522096376982
violent,4.028522096376982
virtual,4.433987204485146
virtues,4.433987204485146
visible,4.028522096376982
vision,4.433987204485146
visits,4.433987204485146
visualizing,4.433987204485146
vital,3.740840023925201
vivid,4.433987204485146
void,4.433987204485146
volume,4.433987204485146
vote,4.028522096376982
voters,4.433987204485146
vulnerable,4.028522096376982
wake,4.433987204485146
walk,4.433987204485146
walking,4.433987204485146
walks,4.433987204485146
wall,4.433987204485146
want,2.729239112246721
wants,3.740840023925201
war,3.181224235989778
warming,4.433987204485146
warning,4.433987204485146
wars,4.433987204485146
was,3.0476928433652555
wasted,4.433987204485146
wastes,4.433987204485146
waves,4.028522096376982
way,2.488077055429833
ways,2.236762627148927
we,1.235314086934465
weak,4.433987204485146
weakness,4.433987204485146
weaknesses,4.433987204485146
wealth,4.433987204485146
wealthy,4.433987204485146
weapons,4.433987204485146
week,4.433987204485146
weekly,4.433987204485146
weeks,4.433987204485146
weirdness,4.433987204485146
welcome,4.433987204485146
well,2.729239112246721
were,3.3353749158170367
weren,4.433987204485146
west,4.028522096376982
wet,4.433987204485146
wharton,4.433987204485146
what,1.5436154465889818
whatever,4.028522096376982
wheal,4.433987204485146
when,2.35454566280531
where,2.488077055429833
whether,3.3353749158170367
which,2.2939210409888755
while,2.729239112246721
white,3.740840023925201
whiz,4.433987204485146
who,1.991640169115942
whole,3.740840023925201
whose,4.028522096376982
why,1.6931471805599454
wide,3.517696472610991
widely,4.028522096376982
widened,4.433987204485146
will,1.9082585601768907
willing,4.433987204485146
willingness,4.028522096376982
wilson,4.028522096376982
winner,4.028522096376982
winning,3.740840023925201
wired,4.433987204485146
wisdom,3.0476928433652555
wise,4.028522096376982
wisest,4.433987204485146
wished,4.433987204485146
wit,4.433987204485146
with,1.4635727389154451
within,3.0476928433652555
without,3.740840023925201
wittily,4.433987204485146
witty,3.740840023925201
witwhat,4.433987204485146
women,4.433987204485146
won,3.740840023925201
wonder,4.433987204485146
wondered,4.433987204485146
word,4.433987204485146
words,4.028522096376982
work,2.236762627148927
workers,4.433987204485146
working,3.740840023925201
workings,3.740840023925201
workout,4.433987204485146
workplaces,4.028522096376982
works,3.517696472610991
workweek,4.433987204485146
world,1.6613984822453651
worldin,4.433987204485146
worlds,3.517696472610991
worldview,4.028522096376982
worldviews,4.433987204485146
worries,4.433987204485146
worryingly,4.433987204485146
worsening,4.433987204485146
worst,4.433987204485146
would,3.740840023925201
wrenching,4.433987204485146
wright,4.433987204485146
write,4.433987204485146
writer,4.433987204485146
writes,4.433987204485146
writing,4.028522096376982
written,4.028522096376982
wrong,2.8245492920510458
yale,4.433987204485146
year,4.028522096376982
years,2.488077055429833
yet,2.6422277352570913
yields,4.433987204485146
york,2.6422277352570913
yorker,4.433987204485146
you,1.8312975190407625
young,4.433987204485146
your,2.35454566280531
yourself,3.181224235989778
youth,4.433987204485146
yudkowsky,4.433987204485146
yuval,4.028522096376982
zador,4.433987204485146
zero,4.433987204485146
zooming,4.433987204485146
